,predictionType,utilDif,reward,negativeReward,numOfUpdates,lostUtil,wrongDecisions,correctDecisions,decisionShouldHaveDid,decisionShouldHaveDidNot,decisionNotHaveDid,decisionNotHaveDidNot
0,predictions_ARIMA_Server_1_Tactic_1.csv,34611.24239,44134.62094,3578.227978,1103,10966.70964,765,1840,1089,751,14,751
1,predictions_SVR_RBF_Server_1_Tactic_1.csv,50159.84843,46190.42145,9860.958251,892,20639.43991,1106,1498,877,1091,15,621
2,predictions_MLP_Server_1_Tactic_1.csv,45592.14461,46490.72949,7140.115603,950,16819.3389,973,1631,947,970,3,684
3,predictions_LSTM_Server_1_Tactic_1.csv,19252.4121,42877.81976,770.9781294,1305,4500.201422,376,2228,1303,374,2,925
4,predictions_last _10_avg_Server_1_Tactic_1.csv,33289.5598,44906.7054,3249.89349,1104,10499.1168,730,1874,1101,727,3,773
0,noping_normalized_server_1_tactic_1_validation.csv,55542.89205,156324.6812,1299.687202,911,6438.748903,515,2089,910,514,1,1179
3,ping_normalized_server_1_tactic_1_validation.csv,31502.52596,155027.4216,401.2370505,1023,2990.298751,260,2344,1022,259,1,1322