,predictionType,utilDif,reward,negativeReward,numOfUpdates,lostUtil,wrongDecisions,correctDecisions,decisionShouldHaveDid,decisionShouldHaveDidNot,decisionNotHaveDid,decisionNotHaveDidNot
0,predictions_ARIMA_Server_1_Tactic_1.csv,34611.24238593316,44134.620937534,3578.2279783994554,1103,10966.709640017772,765,1840,1089,751,14,751
1,predictions_SVR_RBF_Server_1_Tactic_1.csv,50159.8484259061,46190.42144678289,9860.958250655249,892,20639.439912273567,1106,1498,877,1091,15,621
2,predictions_MLP_Server_1_Tactic_1.csv,45592.144614927034,46490.72948905911,7140.115602653758,950,16819.338895316472,973,1631,947,970,3,684
3,predictions_LSTM_Server_1_Tactic_1.csv,19252.412098525114,42877.81975932634,770.9781294290281,1305,4500.201422091742,376,2228,1303,374,2,925
